"Flexibility","PerformanceExpectancy","EffortExpectancy","PerceivedAutonomy","PerceivedCompetence","PerceivedRelatedness","PerceivedUsefulness","Attitude","IntentionToAdopt"
-0.203101238464884,0.441002195154323,0.574576593583697,1.34040900361956,-0.395113256983518,-0.53810138149694,-0.602144108859754,1.62176675788282,-0.40783663755798
0.214356869159497,0.0690520429471673,-2.26627851458566,-1.88705737123888,-1.32857143630202,-2.3771480353837,1.68690564628989,0.118861928053032,-2.6498780624062
1.37006574803748,0.108684135721688,1.70708507894793,1.72373308076094,-2.46931352546493,-2.3771480353837,-1.63501371925053,1.63996641053323,-1.14372557848051
-0.5238939020941,-1.80814919797405,-1.50962687633092,-1.88705737123888,0.0645636304523105,-2.3771480353837,-0.611326352193485,0.407653120420391,-2.6498780624062
0.214356869159497,0.835676807062979,0.204855276882423,1.36922145979075,0.6645414111307,0.486928621336916,0.815632748514455,-2.26255892594059,-1.16943225400482
-3.30110248947202,-3.97803640555339,0.241454149659786,-4.29265087533214,2.59844078636955,-3.31777269750518,-1.23331749854562,-4.34718820189176,-3.77089877483031
-0.543596199015518,-1.76270027857105,-0.46752514137361,-0.684260619192255,-0.935877565468036,0.444725950980726,0.0320448895469851,0.141203642090096,-0.40783663755798
1.77767270720115,1.90080436446539,1.70708507894793,2.10225676618244,2.59844078636955,1.3853506131022,3.03077082985673,1.62176675788282,1.83420478729024
1.37006574803748,1.16799486649561,1.37396263502402,0.0775871433706191,1.33150220841093,-0.00448504490191748,0.343040462723052,0.13504251217389,1.08964791981139
-4.40847864635242,-3.97803640555339,-1.83781137621905,-1.56615859815976,0.597558394528858,-3.31777269750518,-3.12368664171123,-4.34718820189176,-3.77089877483031
1.37006574803748,1.54576184533125,0.574576593583697,-0.684260619192255,1.33150220841093,1.3853506131022,-0.04645790592725,1.62176675788282,1.83420478729024
-0.902870436181608,-1.76851710519953,-0.848319932518871,-0.684260619192255,-1.53585534614643,0.444725950980726,-3.68855508797747,-2.24839741034929,-0.40783663755798
2.52577462691545,2.65052149550818,-1.6538415043674,1.721332884901,-1.20237494750631,0.978342287575749,-1.47341700663519,-4.34718820189176,-2.6498780624062
-4.40847864635242,-3.97803640555339,-0.46752514137361,-4.29265087533214,-0.335899784789647,-3.31777269750518,-2.418601578218,-4.34718820189176,-1.48611192548979
-2.87379323338693,-1.76851710519953,-3.44645934717124,-1.06518450047369,-2.46931352546493,-0.987312377379584,0.343040462723052,-1.36170118773969,-3.38576700332873
0.214356869159497,-0.269082843113948,-1.97529168066111,0.518536132854372,0.0645636304523105,0.444725950980726,-1.39491421116096,0.13504251217389,-1.52885734998209
-0.543596199015518,-1.76851710519953,-0.091668294264125,-1.88705737123888,0.331061012490584,-0.453696040784561,-0.611326352193485,-1.38606197030631,-1.52885734998209
-1.72793550296966,-0.313988915704527,-0.891054335704445,-3.9117269940507,-1.5950688183403,-0.58030405185313,1.29281615597272,-3.76748282429993,-0.424875386525966
-2.51451899622084,-0.269082843113948,-0.46752514137361,-0.303336737910818,-0.268916768187805,0.444725950980726,-0.445138517911284,-1.96162528651148,-1.52885734998209
1.37006574803748,0.801861540916939,1.70708507894793,2.13106922235362,0.998021809770816,0.936139617219559,1.68690564628989,1.59942504384576,1.47477969131297
-1.72793550296966,-0.641032995321104,1.66435067576235,0.108799795401746,-1.67615623938899,-0.53810138149694,-0.996233599176922,0.423833704541249,-0.0313727926127224
1.37006574803748,-1.01879997415674,-0.424790738188036,0.19763735977525,0.0363548215586139,-2.82635903126635,-0.926913047036418,-0.741454443460397,-2.6498780624062
1.00094036241068,0.441002195154323,1.37396263502402,1.34040900361956,1.33150220841093,1.3853506131022,-0.134142944735217,1.59942504384576,0.713184074866129
-2.0684304635203,0.0859596760201871,-0.79451205488931,-3.08985412328551,-1.86933574478654,-2.3771480353837,-3.68855508797747,-3.436027272388,-2.6498780624062
1.37006574803748,1.54576184533125,1.33182702502466,0.899460014135809,1.33150220841093,1.3853506131022,1.29281615597272,1.33499463404501,1.83420478729024
1.37006574803748,1.54576184533125,1.70708507894793,1.721332884901,1.33150220841093,0.893936946863369,1.20972223883162,0.720909019681921,1.83420478729024
-0.562375475630974,0.0859596760201871,-0.51519748859496,0.137612251572935,-1.20237494750631,-0.495898711140751,-1.00541584251065,0.427975765927906,0.713184074866129
-0.126138091391137,-2.16319171710819,-0.557931891780534,1.721332884901,-0.535414150226079,0.486928621336916,0.269128788915683,1.62176675788282,0.713184074866129
0.214356869159497,-0.291807302815449,-1.22417677962836,0.106399599541808,-0.728593655623634,-0.495898711140751,-0.60673523052662,-0.169929264314327,-0.0313727926127224
1.37006574803748,-0.657940628394124,-4.15543863820464,-2.70893024200407,-0.409217661430366,-0.495898711140751,0.343040462723052,-3.15339720993684,-2.6498780624062
-1.32032854380599,-1.4134745860654,-0.848918725705088,-0.274524281739629,-1.18827054305946,-0.53810138149694,-0.134142944735217,-0.163768134398121,-0.0313727926127224
-2.88364438184764,0.108684135721688,-0.933788738890019,-2.29679370869151,-1.53585534614643,-1.43652337326223,-1.39950533282782,-1.65463444149371,-1.52885734998209
0.224208017620206,-1.4134745860654,-2.64767209891714,1.69012023286987,0.998021809770816,0.936139617219559,0.343040462723052,1.59942504384576,-0.40783663755798
1.00986849056542,1.58539393810577,2.04514546690762,2.16228187438475,1.93147998908932,2.32597527522368,2.2425918492224,1.036183987473,2.2363753077598
2.52577462691545,2.65052149550818,3.17271600823607,2.92412963694763,2.59844078636955,2.32597527522368,3.03077082985673,2.81555774983774,1.48344761786929
-0.600857049167848,-1.02461680078522,-1.55789801673848,-0.303336737910818,-1.52175094169958,0.444725950980726,-0.445138517911284,-1.67283409414412,-0.40783663755798
1.37006574803748,-0.291807302815449,0.998105787914532,-1.50613348995745,-0.602397166827921,-0.495898711140751,-0.0510490275941158,0.45031747996497,0.713184074866129
0.214356869159497,-1.03570760722976,0.241454149659786,0.0775871433706191,1.33150220841093,-1.43652337326223,-0.440547396244418,-2.24839741034929,-2.6498780624062
0.62196382832317,0.818769173989959,0.193183009252219,0.137612251572935,1.33150220841093,-0.0466877152581074,-0.528232435052384,0.732947542416123,-0.40783663755798
-1.31047739534528,0.480634287928843,1.70708507894793,1.721332884901,0.6645414111307,-2.3771480353837,0.0320448895469851,-3.15339720993684,-2.6498780624062
1.37006574803748,1.54576184533125,1.70708507894793,1.721332884901,-0.283021172634653,1.3853506131022,1.68690564628989,1.62176675788282,1.47477969131297
-0.563298495936935,0.0632352163186866,0.241454149659786,0.547348589025561,-0.535414150226079,-0.00448504490191748,0.898726665655556,1.01770059772438,0.311013554396562
0.252838442696371,1.58539393810577,0.19931853966043,0.0799873392305567,-1.81645713263155,0.402523280624536,-0.991642477510056,0.427975765927906,0.713184074866129
-0.154768516467301,0.0632352163186866,-1.22417677962836,-1.47492083792632,-1.66205183494214,-0.945109707023394,-0.60673523052662,-0.765815226027011,-1.14372557848051
1.73919113366427,2.65052149550818,-0.509061958186749,2.51199310363506,-1.20237494750631,-0.0888903856142973,-0.445138517911284,2.2176527195955,-0.0397436150243857
0.991089213949968,0.818769173989959,0.241454149659786,-0.684260619192255,-0.868894548866195,0.444725950980726,-0.0510490275941158,1.62176675788282,1.0726091708434
-0.505114625478644,0.790227887659978,-1.61170589436804,0.135212055712997,-1.32857143630202,-0.495898711140751,0.667809400899716,0.411795181807047,0.721554897277792
-1.31047739534528,-0.291807302815449,-2.30841412458502,0.518536132854372,-0.268916768187805,-0.987312377379584,-1.39491421116096,-1.67283409414412,-0.40783663755798
1.73919113366427,2.65052149550818,1.70708507894793,1.721332884901,1.33150220841093,2.32597527522368,1.68690564628989,1.62176675788282,1.83420478729024
-0.931500861257773,-0.641032995321104,0.999303374286967,1.28518428713712,-1.53585534614643,0.444725950980726,1.37591007311382,1.62176675788282,1.87695021178253
0.204505720698789,0.463726654855823,0.28418855284536,0.549748784885498,-0.868894548866195,-0.00448504490191748,-0.04645790592725,0.123003989439688,0.713184074866129
1.00094036241068,1.56266947840427,2.08294192605741,1.30919635158844,0.0645636304523105,1.3853506131022,2.2425918492224,1.62176675788282,1.0726091708434
1.3315841745006,0.0917765026486678,3.17271600823607,-0.305736933770756,0.0645636304523105,1.42755328345839,1.21431336049849,1.62176675788282,2.19362988326751
0.583482254786296,0.441002195154323,0.617310996769271,0.518536132854372,0.0645636304523105,0.444725950980726,-0.611326352193485,0.720909019681921,-0.0570794681370319
1.37006574803748,0.796044714288458,-0.891054335704445,0.899460014135809,-1.20237494750631,-0.495898711140751,0.815632748514455,1.90853888172063,0.713184074866129
1.73919113366427,1.9177119975384,2.41546557679511,0.899460014135809,1.66498260705105,1.34314794274601,-0.221827983543183,2.50644391196286,2.21933655879182
-2.09706088859646,-0.641032995321104,0.241454149659786,0.518536132854372,-0.268916768187805,1.3853506131022,0.426134379864153,-0.765815226027011,-0.40783663755798
1.37006574803748,1.17381169312409,1.33122823183844,0.897059818275871,1.33150220841093,1.3853506131022,0.343040462723052,1.62176675788282,1.47477969131297
-0.572226624091683,-0.663757455022604,-0.848918725705088,-0.303336737910818,-1.21647935195316,-0.453696040784561,-1.39491421116096,-0.167910195784778,-1.52885734998209
1.73919113366427,1.92352882416689,1.28849382865287,-0.684260619192255,1.33150220841093,0.893936946863369,2.15949793208129,2.21967178812505,1.83420478729024
1.37006574803748,0.0859596760201871,-0.473061878595603,1.30919635158844,0.412148433539274,-0.00448504490191748,0.338449341056186,-1.06490960969723,-1.21217767849711
0.214356869159497,-0.291807302815449,-0.091668294264125,-0.303336737910818,-0.728593655623634,-0.495898711140751,-0.523641313385519,0.125023057969238,0.353758978888858
0.593333403247005,0.441002195154323,0.241454149659786,0.518536132854372,0.871825320975103,0.936139617219559,0.343040462723052,1.62176675788282,-0.40783663755798
2.15664924128866,1.94043645723991,3.17271600823607,-0.303336737910818,2.59844078636955,0.893936946863369,1.76540844176413,-0.479043102189201,-0.40783663755798
0.204505720698789,-0.657940628394124,0.622248940805047,0.518536132854372,0.0786680348991588,-0.945109707023394,1.68690564628989,-1.65049238010705,0.738890750390438
2.15664924128866,2.65052149550818,3.17271600823607,1.721332884901,1.33150220841093,0.402523280624536,1.68690564628989,1.62176675788282,1.47477969131297
1.00094036241068,-0.663757455022604,0.193781802438436,0.0775871433706191,-0.395113256983518,-0.495898711140751,-1.00082472084379,0.141203642090096,0.353758978888858
0.214356869159497,0.441002195154323,0.241454149659786,0.518536132854372,0.0645636304523105,0.444725950980726,0.343040462723052,-0.479043102189201,-0.40783663755798
0.593333403247005,0.835676807062979,0.289126496881136,-0.684260619192255,0.6645414111307,-0.495898711140751,0.426134379864153,-0.765815226027011,-0.40783663755798
-0.116286942930428,-0.308714935888469,1.37396263502402,-3.08985412328551,-1.17416613861261,-2.3771480353837,-0.362044600770183,-1.08523225520475,-1.86257577043505
0.233136145774953,1.54576184533125,1.70708507894793,0.959485122338125,1.33150220841093,1.3853506131022,1.68690564628989,1.62176675788282,-0.40783663755798
1.37006574803748,0.0632352163186866,-3.39878699994989,-1.50613348995745,-3.40277170478344,-0.945109707023394,-0.0510490275941158,1.62176675788282,0.328052303364549
0.214356869159497,0.441002195154323,-0.509660751372967,0.108799795401746,-0.409217661430366,-0.495898711140751,-0.0510490275941158,0.427975765927906,-0.0313727926127224
-0.562375475630974,0.441002195154323,-1.6421692367372,-1.09639715250482,-1.20237494750631,-0.495898711140751,-0.528232435052384,0.425956697398356,-0.40783663755798
0.214356869159497,0.446819021782803,0.241454149659786,0.518536132854372,0.998021809770816,0.444725950980726,0.343040462723052,1.62176675788282,0.713184074866129
0.214356869159497,-0.663757455022604,-1.22417677962836,0.518536132854372,0.0645636304523105,-0.0466877152581074,-1.00082472084379,1.62176675788282,-0.79296840905956
0.214356869159497,-1.39656695299238,0.998105787914532,-0.303336737910818,0.331061012490584,-0.453696040784561,0.0320448895469851,-1.65049238010705,-2.6498780624062
0.612112679862461,-0.285990476186968,1.7498194821335,2.51199310363506,1.80528350029361,0.360320610268346,-0.922321925369552,-0.753776703292809,-1.52885734998209
-0.154768516467301,0.441002195154323,0.289126496881136,0.518536132854372,0.0645636304523105,0.444725950980726,0.343040462723052,1.02386172764059,1.83420478729024
1.76782155874044,1.9177119975384,0.998105787914532,2.92412963694763,1.33150220841093,-1.43652337326223,0.898726665655556,2.21967178812505,1.47477969131297
1.37006574803748,0.796044714288458,0.622847733991264,0.518536132854372,0.0645636304523105,1.3853506131022,0.820223870181321,0.415937243193704,0.713184074866129
1.37006574803748,-0.663757455022604,1.70708507894793,1.721332884901,1.33150220841093,1.3853506131022,1.29281615597272,1.62176675788282,-0.40783663755798
1.00094036241068,0.818769173989959,1.33182702502466,-0.684260619192255,1.93147998908932,-0.495898711140751,0.343040462723052,2.21967178812505,1.50048636683728
1.37006574803748,1.18490249956863,1.37396263502402,0.487323480823245,2.26496038772944,0.402523280624536,0.815632748514455,1.90853888172063,1.83420478729024
0.166024147161915,2.65052149550818,-0.975924348889375,2.54320575566619,0.983917405323967,-0.987312377379584,-0.129551823068351,1.05024157873675,2.95522549971435
-0.562375475630974,0.441002195154323,-0.891054335704445,-0.274524281739629,0.0645636304523105,0.444725950980726,-1.00082472084379,1.62176675788282,-0.40783663755798
1.37006574803748,0.0801428493917064,0.235318619251575,0.930672666166935,-1.20237494750631,-0.00448504490191748,-0.917730803702686,-0.438501735501729,-0.38212996203367
0.214356869159497,-0.641032995321104,-0.00126154385720134,-0.74428572739457,0.331061012490584,-0.987312377379584,0.11054768502122,-3.15339720993684,-0.40783663755798
-0.941352009718481,-0.663757455022604,-0.842783195296878,-0.684260619192255,-1.20237494750631,-0.495898711140751,-1.94600929242659,0.13504251217389,-0.40783663755798
1.02957078748684,1.56848630503275,1.71262181616992,1.75014534107219,0.857720916528255,1.83456160898485,1.68231452462303,1.03002285755679,1.47477969131297
-0.582077772552391,-1.3907501263639,-2.27181525180766,-1.88945756709882,-2.12172872237797,0.486928621336916,-0.0510490275941158,-1.35755912635304,-2.6498780624062
1.37006574803748,0.796044714288458,0.998105787914532,0.899460014135809,1.33150220841093,1.87676427934104,0.820223870181321,0.13504251217389,1.83420478729024
-0.193250090004175,0.0632352163186866,0.622248940805047,-0.303336737910818,1.33150220841093,0.402523280624536,-1.48259924996892,0.10682340531883,-1.16943225400482
1.37006574803748,-0.308714935888469,1.28849382865287,-0.713073075363444,2.59844078636955,0.444725950980726,1.68231452462303,2.19733007408799,1.83420478729024
0.583482254786296,-1.01879997415674,0.241454149659786,0.518536132854372,0.0645636304523105,0.444725950980726,0.820223870181321,0.123003989439688,-0.79296840905956
-1.76641707650654,-0.657940628394124,-3.77404505387316,-2.27038144838026,-0.882998953313043,-1.88573436914487,-0.917730803702686,-2.86046395618283,-0.750222984567264
0.991089213949968,0.796044714288458,1.00424131832274,-1.44610838175513,1.93147998908932,2.32597527522368,1.21431336049849,1.042061380291,-0.0227048660563993
-1.66082350435662,-2.87327675537646,-4.15543863820464,-3.08985412328551,-0.00241938614953125,-2.3771480353837,-1.79818594481185,-3.15339720993684,-3.77089877483031
-1.68945392943279,-1.76851710519953,-1.93869280788375,-0.274524281739629,-1.21647935195316,-0.53810138149694,0.11054768502122,-1.36372025626924,0.798674923850721
0.62196382832317,-1.01879997415674,-0.885517598482451,-0.715473271223382,-1.66205183494214,-0.00448504490191748,-0.129551823068351,-2.85044450197818,0.353758978888858
0.631814976783878,1.54576184533125,0.568441063175486,0.108799795401746,1.33150220841093,0.486928621336916,0.73712995304022,0.143222710619645,1.09831584636771
0.214356869159497,-1.05843206693126,-0.134402697449699,0.518536132854372,0.0645636304523105,-0.495898711140751,-0.0510490275941158,1.62176675788282,0.713184074866129
1.37006574803748,0.773320254586958,0.617909789955488,1.31159654744837,0.538344922334987,-0.495898711140751,-0.129551823068351,1.59942504384576,1.83420478729024
1.37006574803748,1.54576184533125,1.70708507894793,0.140012447432872,0.412148433539274,0.893936946863369,1.68690564628989,1.62176675788282,1.44907301578866
-0.562375475630974,0.0690520429471673,-0.557931891780534,-0.274524281739629,0.538344922334987,1.3853506131022,-0.60673523052662,1.34115576396122,-0.0484115415807088
0.593333403247005,-2.49550977654082,-3.78077937746759,-1.9470824794412,-2.80279392410505,-0.411493370428371,-1.00082472084379,-2.84428337206197,-1.1180189029562
-2.09706088859646,-2.87327675537646,-1.12883208518566,-1.44610838175513,1.33150220841093,-0.902907036667204,-1.46882588496832,-2.84428337206197,-2.27341421746094
1.37006574803748,1.19071932619711,0.955970177915175,0.899460014135809,1.33150220841093,0.893936946863369,0.73712995304022,1.32883350412881,1.09831584636771
0.593333403247005,0.435185368525842,-0.890455542518227,-0.303336737910818,-0.268916768187805,0.444725950980726,0.343040462723052,1.00768114351973,-0.0484115415807088
1.77767270720115,1.54576184533125,2.04020752287184,1.721332884901,1.33150220841093,1.3853506131022,1.68690564628989,2.81555774983774,1.83420478729024
0.214356869159497,-3.60026942671775,-0.795110848075528,-0.303336737910818,-0.602397166827921,0.444725950980726,-0.445138517911284,-2.86460601756948,-0.40783663755798
-2.51451899622084,-3.22831927451059,-1.55729922355227,-2.24396918806901,-1.03740425100245,-3.31777269750518,-2.34468990441063,-4.34718820189176,-3.77089877483031
0.593333403247005,-2.87327675537646,-3.77958179109515,1.721332884901,-0.00241938614953125,-2.3771480353837,0.11054768502122,-3.13519755728644,-2.6498780624062
0.952607640413095,0.796044714288458,1.28295709143088,0.928272470306998,1.01212621421766,0.893936946863369,0.820223870181321,1.90853888172063,1.45774094234498
-0.874240011105443,-1.77433393182801,-2.0302971446631,-2.27038144838026,-1.67615623938899,-0.453696040784561,-1.95060041409346,-2.30926142254427,-1.17810018056114
1.37006574803748,1.16799486649561,0.955970177915175,0.899460014135809,1.33150220841093,0.402523280624536,0.343040462723052,0.732947542416123,-0.40783663755798
1.37006574803748,1.54576184533125,1.70708507894793,1.721332884901,1.33150220841093,-0.58030405185313,-1.77982145814439,1.32883350412881,0.713184074866129
0.593333403247005,-0.285990476186968,-0.848918725705088,-0.684260619192255,0.857720916528255,-0.495898711140751,-1.00082472084379,1.02588079617014,-0.40783663755798
-0.505114625478644,-1.04734126048672,-0.133205111077264,0.49212387254312,0.6645414111307,1.3853506131022,0.11054768502122,0.737089603802779,-0.0227048660563993
1.37006574803748,1.16799486649561,0.622847733991264,0.899460014135809,0.538344922334987,0.936139617219559,0.815632748514455,1.32883350412881,1.83420478729024
1.73919113366427,1.92352882416689,1.71262181616992,1.721332884901,1.33150220841093,0.893936946863369,1.20972223883162,2.51058597334952,2.95522549971435
-0.572226624091683,1.54576184533125,-2.30901291777124,-0.303336737910818,0.871825320975103,1.3853506131022,0.343040462723052,0.739108672332329,-0.40783663755798
1.71056070858811,1.56848630503275,-0.848319932518871,-1.88705737123888,-2.46931352546493,-1.92793703950106,-3.21596280218606,1.02386172764059,-0.40783663755798
-0.941352009718481,1.54576184533125,1.70708507894793,1.721332884901,1.33150220841093,1.3853506131022,1.68690564628989,-3.15339720993684,0.730222823834115
1.36021459957677,1.54576184533125,0.992569050692539,2.10225676618244,2.12465949448688,-0.0466877152581074,0.343040462723052,1.33499463404501,-0.0227048660563993
1.37006574803748,1.54576184533125,0.616712203583054,0.928272470306998,0.857720916528255,2.32597527522368,1.68231452462303,1.92673853437104,1.80849811176593
-0.154768516467301,0.441002195154323,0.241454149659786,0.897059818275871,1.33150220841093,1.3853506131022,1.68690564628989,-1.66667296422791,1.83420478729024
-2.88364438184764,-1.73997581886955,-0.133803904263481,1.34040900361956,0.857720916528255,-0.0466877152581074,-1.00082472084379,-1.96548361079992,0.353758978888858
-2.51451899622084,-2.87327675537646,-2.73748005613785,-3.08985412328551,-3.73625210342355,-2.3771480353837,-3.68855508797747,-2.24223628043308,-2.6498780624062
-3.25276976747444,-2.87327675537646,-1.22417677962836,-3.08985412328551,-5.00319068138217,-1.84353169878868,-0.0510490275941158,-0.765815226027011,-0.40783663755798
-4.40847864635242,-3.97803640555339,-5.2396759831613,-4.29265087533214,-5.00319068138217,-3.31777269750518,-1.23790862021249,-4.34718820189176,-3.77089877483031
1.37006574803748,1.54576184533125,1.70708507894793,1.721332884901,1.33150220841093,1.3853506131022,1.68690564628989,1.62176675788282,1.83420478729024
1.00094036241068,1.90080436446539,1.66435067576235,1.31159654744837,0.398044029092426,0.444725950980726,1.21431336049849,1.31265292000795,1.46611176475664
1.36021459957677,1.90080436446539,1.74922068894728,1.69252042872981,1.19120131516837,1.87676427934104,1.60381172914879,1.92673853437104,1.80849811176593
-0.941352009718481,1.16799486649561,-0.139939434671692,-1.47492083792632,-0.868894548866195,-0.00448504490191748,-0.0510490275941158,1.02386172764059,0.353758978888858
-1.68945392943279,0.0859596760201871,-0.847721139332654,-1.85584471920776,-3.24836640709403,-0.0466877152581074,-0.917730803702686,-0.460843449538793,-0.0400407191690454
-0.552524327170265,0.486451114557324,-0.84218440211066,-0.303336737910818,-0.201933751585963,1.83456160898485,1.29740727763959,-0.460843449538793,1.47477969131297
-0.116286942930428,1.9177119975384,1.32629028780267,-1.06278430461375,-1.0761784587106,-1.47872604361842,-1.08391863798489,0.446175418578313,1.0726091708434
1.37006574803748,0.835676807062979,2.83959356431216,-1.0363720443025,1.79117909584676,0.402523280624536,1.68690564628989,1.62176675788282,1.83420478729024
0.991089213949968,1.54576184533125,-0.891054335704445,1.30919635158844,-0.868894548866195,1.3853506131022,0.820223870181321,1.02386172764059,1.83420478729024
-2.84516280831077,-0.291807302815449,-4.53069669212791,-2.29919390455145,-3.40277170478344,-2.82635903126635,-4.08264457829463,-3.15339720993684,-2.6498780624062
1.03942193594755,0.858401266764479,-0.46752514137361,0.137612251572935,-0.268916768187805,-0.945109707023394,1.68690564628989,1.3226723742126,-0.0227048660563993
-0.193250090004175,-1.04734126048672,2.0823431328712,1.721332884901,-0.254812363740957,-0.902907036667204,-1.95519153576032,0.737089603802779,1.44907301578866
0.214356869159497,-1.05843206693126,-0.46752514137361,-1.12520960867601,0.0645636304523105,0.444725950980726,-0.0510490275941158,-0.167910195784778,-0.0313727926127224
-0.961054306639899,-1.03570760722976,-0.515796281781177,-1.88705737123888,-0.395113256983518,-0.0466877152581074,-0.60673523052662,-0.479043102189201,-0.767261733535251
-1.39729169087974,2.29547897637404,3.17271600823607,2.92412963694763,2.59844078636955,-1.43652337326223,3.03077082985673,2.81555774983774,2.95522549971435
-1.31047739534528,-1.03570760722976,-0.46752514137361,-0.684260619192255,-0.268916768187805,-0.945109707023394,-0.523641313385519,-0.479043102189201,-0.40783663755798
1.37006574803748,0.812952347361478,1.70708507894793,1.721332884901,1.33150220841093,1.3853506131022,0.347631584389918,1.02386172764059,1.83420478729024
0.554851829710131,1.54576184533125,-0.182075044671049,-0.303336737910818,0.871825320975103,0.402523280624536,0.732538831373354,0.4218146360117,1.44907301578866
1.37006574803748,0.812952347361478,1.70708507894793,1.721332884901,1.33150220841093,0.402523280624536,0.732538831373354,1.02386172764059,1.44907301578866
-0.16461966492801,0.0859596760201871,1.08851253832146,-0.303336737910818,-0.268916768187805,-0.0466877152581074,-0.445138517911284,-0.765815226027011,0.713184074866129
1.37006574803748,1.19071932619711,0.19931853966043,0.518536132854372,0.412148433539274,0.444725950980726,-1.39950533282782,1.91470001163684,1.45774094234498
1.74904228212498,1.16799486649561,1.37396263502402,-0.303336737910818,0.538344922334987,0.444725950980726,0.820223870181321,2.81555774983774,1.83420478729024
-3.25276976747444,-0.624125362248084,0.206052863254858,-1.12520960867601,-1.88344014923339,1.3853506131022,-0.362044600770183,-1.66667296422791,-2.6498780624062
1.37006574803748,-0.33725622221845,-1.32191664681593,-1.12520960867601,0.524240517888139,-0.0466877152581074,-0.0510490275941158,-2.29308083842341,-0.40783663755798
-0.562375475630974,0.446819021782803,-0.848918725705088,0.106399599541808,-0.728593655623634,0.936139617219559,-1.00082472084379,-0.765815226027011,-0.40783663755798
0.583482254786296,1.54576184533125,1.33122823183844,1.721332884901,0.998021809770816,1.3853506131022,1.68690564628989,1.91470001163684,-0.0227048660563993
0.62196382832317,-2.51823423624232,3.17271600823607,-0.303336737910818,1.93147998908932,-1.43652337326223,-0.922321925369552,1.05438364012341,0.353758978888858
-1.67960278097208,-0.629942188876565,0.336798844102486,-0.303336737910818,0.331061012490584,-0.0466877152581074,1.68690564628989,-1.95344508806572,-2.6498780624062
1.38884502465293,1.54576184533125,1.33182702502466,1.721332884901,1.66498260705105,1.3853506131022,1.68690564628989,1.62176675788282,1.83420478729024
0.214356869159497,0.457909828227342,-1.6421692367372,0.489723676683183,-1.52175094169958,-0.00448504490191748,-0.611326352193485,1.33499463404501,1.82553686073391
0.62196382832317,0.812952347361478,1.28355588461709,1.721332884901,0.6645414111307,1.3853506131022,0.426134379864153,1.92673853437104,-0.40783663755798
-1.31047739534528,-1.77433393182801,-2.73748005613785,-3.08985412328551,-2.92899041290076,-0.945109707023394,-1.78900370147812,-4.05425494813774,-3.00063523182714
1.78752385566186,1.94043645723991,1.42163498224537,1.3428091994795,2.26496038772944,2.32597527522368,0.426134379864153,0.460620671267832,1.08127709739972
1.37006574803748,0.818769173989959,1.33182702502466,-0.303336737910818,-0.868894548866195,0.936139617219559,0.820223870181321,1.62176675788282,-0.40783663755798
-1.26306769365366,-2.14046725740669,-4.53069669212791,-1.09639715250482,-1.34267584074887,-0.58030405185313,-1.00082472084379,-1.06490960969723,-1.16943225400482
0.214356869159497,0.457909828227342,-0.0978038246723358,-0.303336737910818,0.398044029092426,0.851734276507179,0.343040462723052,-0.765815226027011,0.713184074866129
0.593333403247005,0.441002195154323,0.241454149659786,0.930672666166935,0.0645636304523105,0.936139617219559,0.343040462723052,0.720909019681921,1.83420478729024
1.3315841745006,0.446819021782803,2.41606436998132,2.10225676618244,-0.0757372627902504,0.851734276507179,-0.0510490275941158,-0.176090394230533,-0.40783663755798
1.00094036241068,1.9177119975384,2.13121306646498,2.10225676618244,0.871825320975103,0.893936946863369,2.07640401494019,1.31265292000795,2.57876165476909
-0.941352009718481,0.0859596760201871,-0.509660751372967,0.899460014135809,0.871825320975103,1.3853506131022,-0.0510490275941158,-0.460843449538793,1.47477969131297
-0.154768516467301,-1.39656695299238,-1.88488493025418,-1.09399695664488,-0.728593655623634,-0.945109707023394,-0.996233599176922,-0.747615573376603,-1.50315067445778
-1.31047739534528,-0.657940628394124,1.33182702502466,0.518536132854372,1.93147998908932,-0.987312377379584,0.343040462723052,-1.98194793201899,-0.741555058010941
2.52577462691545,2.65052149550818,2.42160110720332,0.140012447432872,0.412148433539274,-1.07171771809196,-1.94600929242659,2.81555774983774,2.95522549971435
-0.203101238464884,-0.646849821949585,-0.473061878595603,0.108799795401746,-0.728593655623634,0.444725950980726,-0.134142944735217,0.427975765927906,1.47477969131297
-2.88364438184764,-0.618308535619603,0.193781802438436,0.899460014135809,0.6645414111307,-0.495898711140751,2.2425918492224,0.411795181807047,1.47477969131297
2.52577462691545,2.65052149550818,3.17271600823607,2.10225676618244,2.13876389893372,2.32597527522368,2.15949793208129,2.81555774983774,2.95522549971435
1.37006574803748,0.0859596760201871,0.241454149659786,0.108799795401746,-1.20237494750631,0.444725950980726,-0.523641313385519,1.33499463404501,-0.0484115415807088
0.204505720698789,-0.308714935888469,1.70708507894793,-0.303336737910818,-0.268916768187805,-0.495898711140751,0.343040462723052,1.31265292000795,1.47477969131297
0.175875295622624,0.424094562081303,-0.472463085409386,0.928272470306998,-0.728593655623634,0.444725950980726,-0.134142944735217,-0.163768134398121,0.336720229920872
-4.40847864635242,0.520266380703363,1.75475742616928,2.92412963694763,0.597558394528858,-3.31777269750518,-5.03242027154431,2.81555774983774,2.95522549971435
2.52577462691545,2.27275451667254,1.70708507894793,1.721332884901,2.59844078636955,1.83456160898485,2.16408905374816,1.62176675788282,1.83420478729024
-1.66082350435662,-0.33725622221845,-1.182041169629,-0.305736933770756,-0.409217661430366,-0.0466877152581074,-0.0510490275941158,-0.184090779905636,-0.40783663755798
-0.193250090004175,-1.39656695299238,-1.55670043036605,-2.29919390455145,-2.46931352546493,-0.945109707023394,-1.86750649695236,0.125023057969238,-1.88828244595936
0.962458788873804,0.818769173989959,0.617310996769271,0.549748784885498,-0.742698060070482,-0.0466877152581074,0.264537667248817,0.427975765927906,1.47477969131297
-1.66975163251137,-2.12355962433367,-1.50409013910892,-3.50199065659807,-0.949981969914884,-2.3771480353837,0.426134379864153,-2.86662508609903,-0.40783663755798
-0.154768516467301,-0.663757455022604,0.192584216066001,0.0775871433706191,0.998021809770816,-0.495898711140751,-0.0510490275941158,0.151506833392958,1.47477969131297
2.14679809282795,1.18490249956863,0.246990886881779,0.930672666166935,1.20530571961522,1.34314794274601,1.20972223883162,1.01770059772438,2.18496195671119
-1.28184697026912,-0.97916788138222,0.579514537619473,-1.53734614198857,-0.588292762381072,-0.987312377379584,-1.47800812830206,-2.83398018075911,-0.399168711001657
-3.62189515310124,-3.2510437342121,0.241454149659786,-1.12520960867601,1.59799959044921,-0.495898711140751,-0.362044600770183,-2.5351695341871,-3.00930315838347
0.214356869159497,0.424094562081303,0.617310996769271,0.518536132854372,0.871825320975103,0.402523280624536,1.68690564628989,1.02588079617014,1.47477969131297
2.15664924128866,1.14527040679411,0.241454149659786,1.721332884901,0.731524427732542,1.3853506131022,1.68690564628989,1.62176675788282,0.713184074866129
-1.67960278097208,-2.4786021434678,-1.17650443240701,-3.9117269940507,-1.86933574478654,0.444725950980726,-0.445138517911284,-4.06041607805395,-3.77089877483031
1.37006574803748,1.54576184533125,1.70708507894793,0.928272470306998,0.998021809770816,0.893936946863369,0.73712995304022,1.62176675788282,0.730222823834115
-3.30110248947202,-3.97803640555339,-2.22354411140009,-0.684260619192255,-1.20237494750631,-0.495898711140751,-1.00082472084379,-4.34718820189176,-0.38212996203367
-0.941352009718481,-1.01879997415674,-0.46752514137361,-0.303336737910818,-0.128615874945244,-1.43652337326223,-1.39491421116096,0.427975765927906,-1.88828244595936
1.37006574803748,1.54576184533125,0.574576593583697,2.54320575566619,1.20530571961522,1.3853506131022,1.68690564628989,1.62176675788282,1.83420478729024
2.52577462691545,2.65052149550818,-4.15543863820464,-1.44610838175513,2.59844078636955,-3.31777269750518,3.03077082985673,2.81555774983774,2.95522549971435
0.214356869159497,0.818769173989959,1.7553562193555,1.721332884901,0.998021809770816,0.444725950980726,0.820223870181321,1.91470001163684,0.713184074866129
-0.154768516467301,-0.291807302815449,0.664983343990621,0.518536132854372,0.0645636304523105,0.402523280624536,-0.523641313385519,-1.05874847978103,-0.758593806978928
-2.84516280831077,-0.269082843113948,1.42163498224537,-1.53734614198857,0.931038793168974,0.893936946863369,-0.362044600770183,-0.460843449538793,-2.6498780624062
-0.117209963236389,-3.60608625334623,2.79685916112658,-2.00710758764351,0.176655714801175,2.32597527522368,0.666233887953724,-2.49250517464252,-1.12668682951252
0.147244870546459,0.801861540916939,-0.981461086111368,2.10225676618244,0.857720916528255,-0.495898711140751,-0.0510490275941158,1.01971966625393,-0.40783663755798
-0.88316813926019,-1.03625045404218,-0.460790817779182,-0.655448163021066,-1.06207405426375,0.360320610268346,-1.07932751631802,-3.42813081104045,-0.0313727926127224
0.175875295622624,-3.26795136728511,0.289725290067353,1.721332884901,-1.0761784587106,-2.33494536502751,-0.445138517911284,-0.517565400347124,-1.93102787045166
-0.533745050554809,0.0859596760201871,0.241454149659786,0.518536132854372,-0.268916768187805,-0.495898711140751,-0.0510490275941158,0.141203642090096,-0.0313727926127224
1.37006574803748,0.0632352163186866,-0.848918725705088,-0.303336737910818,-0.409217661430366,-0.987312377379584,0.343040462723052,1.29647233588709,1.83420478729024
-0.16461966492801,0.441002195154323,-0.424790738188036,-1.56615859815976,-0.935877565468036,0.893936946863369,1.29281615597272,-1.65463444149371,-1.52885734998209
-0.582077772552391,-0.674848261467144,-0.885517598482451,-1.56615859815976,-0.142720279392092,1.83456160898485,2.15949793208129,0.732947542416123,1.44907301578866
-0.126138091391137,0.796044714288458,0.295262027289347,1.75014534107219,-0.0616328583434023,0.851734276507179,-0.0510490275941158,1.91470001163684,-0.40783663755798
-0.193250090004175,0.424094562081303,1.32569149461645,0.547348589025561,0.998021809770816,0.444725950980726,0.343040462723052,1.3167949813946,0.353758978888858
-1.7950475015827,-2.15737489047971,-2.25954419099123,-2.27038144838026,-0.423322065877215,-1.43652337326223,-0.366635722437049,-0.779872817290762,-0.775929660091574
-0.941352009718481,-0.663757455022604,-1.22417677962836,-0.684260619192255,-1.20237494750631,-0.495898711140751,-1.86750649695236,-0.479043102189201,-0.40783663755798
-0.941352009718481,0.480634287928843,0.247589680067997,0.137612251572935,0.331061012490584,0.444725950980726,-0.0556401492609815,-0.747615573376603,-1.52885734998209
-0.912721584642317,-2.11774279770519,-1.64770597395919,-0.655448163021066,0.331061012490584,0.444725950980726,-1.39032308949409,1.33499463404501,0.353758978888858
-0.533745050554809,-0.663757455022604,-1.27184912684971,-0.303336737910818,-0.868894548866195,1.3853506131022,0.264537667248817,-1.34552060361884,0.336720229920872
-1.68945392943279,-2.11774279770519,-3.11333690324733,-1.50613348995745,-2.59551001426064,0.444725950980726,-0.445138517911284,-3.44016933377465,-2.6498780624062
-1.2621446733477,-0.252175210040929,-2.01248934662469,-2.70893024200407,0.790737899926413,-0.453696040784561,-0.839228008228452,-3.15339720993684,-3.77089877483031
-0.941352009718481,-0.308714935888469,-0.466926348187393,-0.303336737910818,-1.20237494750631,-0.495898711140751,-0.60673523052662,-0.169929264314327,-0.40783663755798
-3.25276976747444,-1.76851710519953,-3.44705814035746,-3.12106677531664,-4.21003339530623,-1.43652337326223,-3.61005229250323,-4.34718820189176,-3.01797108493979
-3.25276976747444,-2.87327675537646,-0.0855327638559142,0.137612251572935,0.6645414111307,-0.495898711140751,-0.523641313385519,-0.759654096110805,-2.6498780624062
-0.193250090004175,-1.01879997415674,-0.818455383335936,-1.09159676078494,-0.661610639021792,-1.39432070290604,-1.38573196782722,1.30061439727375,-0.0567823639923722
2.52577462691545,2.65052149550818,2.03467078564985,1.721332884901,1.33150220841093,1.83456160898485,1.29281615597272,2.81555774983774,1.83420478729024
1.73919113366427,1.54576184533125,1.37396263502402,-0.305736933770756,0.0645636304523105,-0.945109707023394,0.732538831373354,1.91470001163684,-0.0484115415807088
-3.25276976747444,-1.73997581886955,-3.0112578852102,-0.741885531534633,-3.73625210342355,-0.453696040784561,-4.5598279857529,-2.2745974486748,-2.6498780624062
-0.95120315817919,-0.291807302815449,0.247589680067997,-0.303336737910818,0.204864523694872,-0.0888903856142973,0.264537667248817,0.10682340531883,0.345091052332535
